{"type": "metrics", "dataset": "train", "precision": 0.7092154420921544, "balanced_accuracy": 0.6061403896589994, "recall": 0.24105820105820105, "f1_score": 0.35981677460116884}
{"type": "metrics", "dataset": "test", "precision": 0.723994452149792, "balanced_accuracy": 0.6228684106638476, "recall": 0.2738719832109129, "f1_score": 0.3974114960030453}
{"type": "cm_matrix", "dataset": "train", "true_0": {"predicted_0": 15761, "predicted_1": 467}, "true_1": {"predicted_0": 3586, "predicted_1": 1139}}
{"type": "cm_matrix", "dataset": "test", "true_0": {"predicted_0": 6874, "predicted_1": 199}, "true_1": {"predicted_0": 1384, "predicted_1": 522}}
